{"cameraMode":{"drawMode":0,"name":"Shaded","section":"Shading Mode"},"sceneLighting":false,"audioPlay":false,"sceneViewState":{"showFog":true,"showMaterialUpdate":true,"showSkybox":false,"showFlares":true,"showImageEffects":true,"showParticleSystems":true},"in2DMode":false,"pivot":{"x":-62.00634765625,"y":25.43359375,"z":-7.09375},"rotation":{"x":0.059962838888168338,"y":-0.005989033728837967,"z":0.0003597568429540843,"w":0.9981848001480103},"size":231.63809204101563,"orthographic":true}