{"cameraMode":{"drawMode":0,"name":"Shaded","section":"Shading Mode"},"sceneLighting":false,"audioPlay":false,"sceneViewState":{"showFog":true,"showMaterialUpdate":true,"showSkybox":false,"showFlares":true,"showImageEffects":true,"showParticleSystems":true},"in2DMode":false,"pivot":{"x":443.6878356933594,"y":458.1226806640625,"z":129.25},"rotation":{"x":0.05754157155752182,"y":-0.5078445672988892,"z":0.034025561064481738,"w":0.8588564991950989},"size":219.5115509033203,"orthographic":true}