{"cameraMode":{"drawMode":0,"name":"Shaded","section":"Shading Mode"},"sceneLighting":false,"audioPlay":false,"sceneViewState":{"showFog":true,"showMaterialUpdate":true,"showSkybox":false,"showFlares":true,"showImageEffects":true,"showParticleSystems":true},"in2DMode":false,"pivot":{"x":20.280000686645509,"y":-0.9700000286102295,"z":3.319999933242798},"rotation":{"x":0.014664181508123875,"y":0.9692894816398621,"z":-0.05968647822737694,"w":0.23812386393547059},"size":1.9529228210449219,"orthographic":true}