{"cameraMode":{"drawMode":0,"name":"Shaded","section":"Shading Mode"},"sceneLighting":false,"audioPlay":false,"sceneViewState":{"showFog":true,"showMaterialUpdate":true,"showSkybox":false,"showFlares":true,"showImageEffects":true,"showParticleSystems":true},"in2DMode":false,"pivot":{"x":93.4000015258789,"y":-4.800000190734863,"z":-146.0},"rotation":{"x":0.3091069161891937,"y":-0.19028633832931519,"z":0.06327026337385178,"w":0.9296462535858154},"size":451.1667785644531,"orthographic":true}