{"cameraMode":{"drawMode":0,"name":"Shaded","section":"Shading Mode"},"sceneLighting":false,"audioPlay":false,"sceneViewState":{"showFog":true,"showMaterialUpdate":true,"showSkybox":true,"showFlares":true,"showImageEffects":true,"showParticleSystems":true},"in2DMode":false,"pivot":{"x":21.116409301757814,"y":23.153976440429689,"z":-60.07744216918945},"rotation":{"x":0.039523668587207797,"y":0.9571974873542786,"z":-0.2391277253627777,"w":0.1582072377204895},"size":291.5473937988281,"orthographic":false}